,Distance_1,Distance_2,Distance_3,Distance_4,Redundancy,y-Nearest-Neighbours
0,0.36607142857142855,0.0787011854530943,0.0631139391438688,0.0012746054029204742,198,0.5
1,0.336734693877551,0.07858134548482792,0.06304706766596445,0.001273429487086907,124,0.0
2,0.36607142857142855,0.0787011854530943,0.0631139391438688,0.0012746054029204742,198,0.6666666666666667
3,0.336734693877551,0.07858134548482792,0.06304706766596445,0.001273429487086907,124,0.33333333333333337
4,0.3354591836734694,0.07857871334384882,0.06300072149052269,0.0012723524697354528,141,0.33333333333333337
5,0.36607142857142855,0.0787011854530943,0.0631139391438688,0.0012746054029204742,198,0.75
6,0.336734693877551,0.07858134548482792,0.06304706766596445,0.001273429487086907,124,0.5
7,0.3354591836734694,0.07857871334384882,0.06300072149052269,0.0012723524697354528,141,0.5
8,0.3405612244897959,0.07863601635734946,0.0631071750357257,0.0012744767086751083,152,0.25
9,0.36607142857142855,0.0787011854530943,0.0631139391438688,0.0012746054029204742,198,0.8
10,0.336734693877551,0.07858134548482792,0.06304706766596445,0.001273429487086907,124,0.6
11,0.3354591836734694,0.07857871334384882,0.06300072149052269,0.0012723524697354528,141,0.6
12,0.3405612244897959,0.07863601635734946,0.0631071750357257,0.0012744767086751083,152,0.3999999999999999
13,0.31760204081632654,0.07857678043734313,0.06301954288081434,0.0012723959287723192,121,0.19999999999999996
14,0.36607142857142855,0.0787011854530943,0.0631139391438688,0.0012746054029204742,198,0.8333333333333334
15,0.336734693877551,0.07858134548482792,0.06304706766596445,0.001273429487086907,124,0.6666666666666667
16,0.3354591836734694,0.07857871334384882,0.06300072149052269,0.0012723524697354528,141,0.6666666666666667
17,0.3405612244897959,0.07863601635734946,0.0631071750357257,0.0012744767086751083,152,0.5
18,0.31760204081632654,0.07857678043734313,0.06301954288081434,0.0012723959287723192,121,0.33333333333333337
19,0.4221938775510204,0.07872636525836937,0.06305117452701361,0.0012709062834199117,230,0.16666666666666674
20,0.36607142857142855,0.0787011854530943,0.0631139391438688,0.0012746054029204742,198,0.8571428571428572
21,0.336734693877551,0.07858134548482792,0.06304706766596445,0.001273429487086907,124,0.7142857142857143
22,0.3354591836734694,0.07857871334384882,0.06300072149052269,0.0012723524697354528,141,0.7142857142857143
23,0.3405612244897959,0.07863601635734946,0.0631071750357257,0.0012744767086751083,152,0.5714285714285714
24,0.31760204081632654,0.07857678043734313,0.06301954288081434,0.0012723959287723192,121,0.4285714285714286
25,0.4221938775510204,0.07872636525836937,0.06305117452701361,0.0012709062834199117,230,0.2857142857142858
26,0.21173469387755103,0.07850460529144035,0.06304463910560916,0.0012734507114029064,65,0.1428571428571429
27,0.36607142857142855,0.0787011854530943,0.0631139391438688,0.0012746054029204742,198,0.875
28,0.336734693877551,0.07858134548482792,0.06304706766596445,0.001273429487086907,124,0.75
29,0.3354591836734694,0.07857871334384882,0.06300072149052269,0.0012723524697354528,141,0.75
30,0.3405612244897959,0.07863601635734946,0.0631071750357257,0.0012744767086751083,152,0.625
31,0.31760204081632654,0.07857678043734313,0.06301954288081434,0.0012723959287723192,121,0.5
32,0.4221938775510204,0.07872636525836937,0.06305117452701361,0.0012709062834199117,230,0.375
33,0.21173469387755103,0.07850460529144035,0.06304463910560916,0.0012734507114029064,65,0.25
34,0.40688775510204084,0.07868091161783952,0.06309866555156764,0.0012724166365564705,235,0.125
35,0.36607142857142855,0.0787011854530943,0.0631139391438688,0.0012746054029204742,198,0.8888888888888888
36,0.336734693877551,0.07858134548482792,0.06304706766596445,0.001273429487086907,124,0.7777777777777778
37,0.3354591836734694,0.07857871334384882,0.06300072149052269,0.0012723524697354528,141,0.7777777777777778
38,0.3405612244897959,0.07863601635734946,0.0631071750357257,0.0012744767086751083,152,0.6666666666666667
39,0.31760204081632654,0.07857678043734313,0.06301954288081434,0.0012723959287723192,121,0.5555555555555556
40,0.4221938775510204,0.07872636525836937,0.06305117452701361,0.0012709062834199117,230,0.4444444444444444
41,0.21173469387755103,0.07850460529144035,0.06304463910560916,0.0012734507114029064,65,0.33333333333333337
42,0.40688775510204084,0.07868091161783952,0.06309866555156764,0.0012724166365564705,235,0.22222222222222232
43,0.32142857142857145,0.07858318365594538,0.06301186630533902,0.0012721477042870219,167,0.11111111111111116
44,0.49107142857142855,0.15036679034183945,0.12936785479953727,0.001273897688697223,227,0.0
45,0.49107142857142855,0.15036679034183945,0.12936785479953727,0.001273897688697223,227,0.5
46,0.46683673469387754,0.15031523367829983,0.12937466153427354,0.001273178325749102,194,0.0
47,0.49107142857142855,0.15036679034183945,0.12936785479953727,0.001273897688697223,227,0.6666666666666667
48,0.46683673469387754,0.15031523367829983,0.12937466153427354,0.001273178325749102,194,0.33333333333333337
49,0.610969387755102,0.15090984187590903,0.12936155904968608,0.0012755102040816326,270,0.0
50,0.49107142857142855,0.15036679034183945,0.12936785479953727,0.001273897688697223,227,0.75
51,0.46683673469387754,0.15031523367829983,0.12937466153427354,0.001273178325749102,194,0.5
52,0.610969387755102,0.15090984187590903,0.12936155904968608,0.0012755102040816326,270,0.25
53,0.3762755102040816,0.1501160479985884,0.12916439075007155,0.001273300193724226,165,0.0
54,0.49107142857142855,0.15036679034183945,0.12936785479953727,0.001273897688697223,227,0.8
55,0.46683673469387754,0.15031523367829983,0.12937466153427354,0.001273178325749102,194,0.6
56,0.610969387755102,0.15090984187590903,0.12936155904968608,0.0012755102040816326,270,0.3999999999999999
57,0.3762755102040816,0.1501160479985884,0.12916439075007155,0.001273300193724226,165,0.19999999999999996
58,0.39413265306122447,0.15018551308933195,0.1292073403934319,0.0012734402700060128,137,0.0
59,0.49107142857142855,0.15036679034183945,0.12936785479953727,0.001273897688697223,227,0.8333333333333334
60,0.46683673469387754,0.15031523367829983,0.12937466153427354,0.001273178325749102,194,0.6666666666666667
61,0.610969387755102,0.15090984187590903,0.12936155904968608,0.0012755102040816326,270,0.5
62,0.3762755102040816,0.1501160479985884,0.12916439075007155,0.001273300193724226,165,0.33333333333333337
63,0.39413265306122447,0.15018551308933195,0.1292073403934319,0.0012734402700060128,137,0.16666666666666674
64,0.42857142857142855,0.15016308949116905,0.12921481304437205,0.0012721791291007904,212,0.0
65,0.49107142857142855,0.15036679034183945,0.12936785479953727,0.001273897688697223,227,0.8571428571428572
66,0.46683673469387754,0.15031523367829983,0.12937466153427354,0.001273178325749102,194,0.7142857142857143
67,0.610969387755102,0.15090984187590903,0.12936155904968608,0.0012755102040816326,270,0.5714285714285714
68,0.3762755102040816,0.1501160479985884,0.12916439075007155,0.001273300193724226,165,0.4285714285714286
69,0.39413265306122447,0.15018551308933195,0.1292073403934319,0.0012734402700060128,137,0.2857142857142858
70,0.42857142857142855,0.15016308949116905,0.12921481304437205,0.0012721791291007904,212,0.1428571428571429
71,0.5892857142857143,0.15089004846888274,0.12940534289376251,0.0012755102040816326,256,0.0
72,0.49107142857142855,0.15036679034183945,0.12936785479953727,0.001273897688697223,227,0.875
73,0.46683673469387754,0.15031523367829983,0.12937466153427354,0.001273178325749102,194,0.75
74,0.610969387755102,0.15090984187590903,0.12936155904968608,0.0012755102040816326,270,0.625
75,0.3762755102040816,0.1501160479985884,0.12916439075007155,0.001273300193724226,165,0.5
76,0.39413265306122447,0.15018551308933195,0.1292073403934319,0.0012734402700060128,137,0.375
77,0.42857142857142855,0.15016308949116905,0.12921481304437205,0.0012721791291007904,212,0.25
78,0.5892857142857143,0.15089004846888274,0.12940534289376251,0.0012755102040816326,256,0.125
79,0.3086734693877551,0.15003107794672854,0.12908358519422386,0.0012713690378180309,97,0.0
80,0.49107142857142855,0.15036679034183945,0.12936785479953727,0.001273897688697223,227,0.8888888888888888
81,0.46683673469387754,0.15031523367829983,0.12937466153427354,0.001273178325749102,194,0.7777777777777778
82,0.610969387755102,0.15090984187590903,0.12936155904968608,0.0012755102040816326,270,0.6666666666666667
83,0.3762755102040816,0.1501160479985884,0.12916439075007155,0.001273300193724226,165,0.5555555555555556
84,0.39413265306122447,0.15018551308933195,0.1292073403934319,0.0012734402700060128,137,0.4444444444444444
85,0.42857142857142855,0.15016308949116905,0.12921481304437205,0.0012721791291007904,212,0.33333333333333337
86,0.5892857142857143,0.15089004846888274,0.12940534289376251,0.0012755102040816326,256,0.22222222222222232
87,0.3086734693877551,0.15003107794672854,0.12908358519422386,0.0012713690378180309,97,0.11111111111111116
88,0.38137755102040816,0.15015188831823967,0.12921517952286724,0.0012725523003295405,146,0.0
89,0.24107142857142858,0.09589234639975464,0.0775360488635748,0.0012705082032813126,66,0.0
90,0.24107142857142858,0.09589234639975464,0.0775360488635748,0.0012705082032813126,66,0.5
91,0.3163265306122449,0.09601301181850498,0.07760825479277601,0.0012709985784932869,91,0.5
92,0.24107142857142858,0.09589234639975464,0.0775360488635748,0.0012705082032813126,66,0.6666666666666667
93,0.3163265306122449,0.09601301181850498,0.07760825479277601,0.0012709985784932869,91,0.6666666666666667
94,0.30357142857142855,0.09598599235811757,0.07761719088140236,0.0012705082032813126,123,0.33333333333333337
95,0.24107142857142858,0.09589234639975464,0.0775360488635748,0.0012705082032813126,66,0.75
96,0.3163265306122449,0.09601301181850498,0.07760825479277601,0.0012709985784932869,91,0.75
97,0.30357142857142855,0.09598599235811757,0.07761719088140236,0.0012705082032813126,123,0.5
98,0.3877551020408163,0.09609186019380059,0.0776699510042826,0.001271849684342712,161,0.25
99,0.24107142857142858,0.09589234639975464,0.0775360488635748,0.0012705082032813126,66,0.8
100,0.3163265306122449,0.09601301181850498,0.07760825479277601,0.0012709985784932869,91,0.8
101,0.30357142857142855,0.09598599235811757,0.07761719088140236,0.0012705082032813126,123,0.6
102,0.3877551020408163,0.09609186019380059,0.0776699510042826,0.001271849684342712,161,0.3999999999999999
103,0.3711734693877551,0.09605207533442175,0.07761103576511354,0.001271141261434784,121,0.19999999999999996
104,0.24107142857142858,0.09589234639975464,0.0775360488635748,0.0012705082032813126,66,0.8333333333333334
105,0.3163265306122449,0.09601301181850498,0.07760825479277601,0.0012709985784932869,91,0.8333333333333334
106,0.30357142857142855,0.09598599235811757,0.07761719088140236,0.0012705082032813126,123,0.6666666666666667
107,0.3877551020408163,0.09609186019380059,0.0776699510042826,0.001271849684342712,161,0.5
108,0.3711734693877551,0.09605207533442175,0.07761103576511354,0.001271141261434784,121,0.33333333333333337
109,0.40688775510204084,0.09605320022850834,0.077650800492428,0.0012710567878312519,225,0.16666666666666674
110,0.24107142857142858,0.09589234639975464,0.0775360488635748,0.0012705082032813126,66,0.8571428571428572
111,0.3163265306122449,0.09601301181850498,0.07760825479277601,0.0012709985784932869,91,0.8571428571428572
112,0.30357142857142855,0.09598599235811757,0.07761719088140236,0.0012705082032813126,123,0.7142857142857143
113,0.3877551020408163,0.09609186019380059,0.0776699510042826,0.001271849684342712,161,0.5714285714285714
114,0.3711734693877551,0.09605207533442175,0.07761103576511354,0.001271141261434784,121,0.4285714285714286
115,0.40688775510204084,0.09605320022850834,0.077650800492428,0.0012710567878312519,225,0.2857142857142858
116,0.3354591836734694,0.09617462260191145,0.07784618558410433,0.0012740413370240732,117,0.1428571428571429
117,0.24107142857142858,0.09589234639975464,0.0775360488635748,0.0012705082032813126,66,0.875
118,0.3163265306122449,0.09601301181850498,0.07760825479277601,0.0012709985784932869,91,0.875
119,0.30357142857142855,0.09598599235811757,0.07761719088140236,0.0012705082032813126,123,0.75
120,0.3877551020408163,0.09609186019380059,0.0776699510042826,0.001271849684342712,161,0.625
121,0.3711734693877551,0.09605207533442175,0.07761103576511354,0.001271141261434784,121,0.5
122,0.40688775510204084,0.09605320022850834,0.077650800492428,0.0012710567878312519,225,0.375
123,0.3354591836734694,0.09617462260191145,0.07784618558410433,0.0012740413370240732,117,0.25
124,0.35841836734693877,0.09605669931000083,0.07766705071268884,0.0012733522370284728,132,0.125
125,0.24107142857142858,0.09589234639975464,0.0775360488635748,0.0012705082032813126,66,0.8888888888888888
126,0.3163265306122449,0.09601301181850498,0.07760825479277601,0.0012709985784932869,91,0.8888888888888888
127,0.30357142857142855,0.09598599235811757,0.07761719088140236,0.0012705082032813126,123,0.7777777777777778
128,0.3877551020408163,0.09609186019380059,0.0776699510042826,0.001271849684342712,161,0.6666666666666667
129,0.3711734693877551,0.09605207533442175,0.07761103576511354,0.001271141261434784,121,0.5555555555555556
130,0.40688775510204084,0.09605320022850834,0.077650800492428,0.0012710567878312519,225,0.4444444444444444
131,0.3354591836734694,0.09617462260191145,0.07784618558410433,0.0012740413370240732,117,0.33333333333333337
132,0.35841836734693877,0.09605669931000083,0.07766705071268884,0.0012733522370284728,132,0.22222222222222232
133,0.3737244897959184,0.09607323401516452,0.0776564668439902,0.0012730472736439261,187,0.11111111111111116
134,0.36862244897959184,0.11134986143942889,0.09246456823244906,0.0012736984224868517,115,0.0
135,0.36862244897959184,0.11134986143942889,0.09246456823244906,0.0012736984224868517,115,0.5
136,0.33035714285714285,0.11130966039118906,0.09245612193486466,0.001272982188394996,128,0.0
137,0.36862244897959184,0.11134986143942889,0.09246456823244906,0.0012736984224868517,115,0.6666666666666667
138,0.33035714285714285,0.11130966039118906,0.09245612193486466,0.001272982188394996,128,0.33333333333333337
139,0.3354591836734694,0.11128695585577487,0.09237408180981108,0.0012718303846854981,125,0.33333333333333337
140,0.36862244897959184,0.11134986143942889,0.09246456823244906,0.0012736984224868517,115,0.75
141,0.33035714285714285,0.11130966039118906,0.09245612193486466,0.001272982188394996,128,0.5
142,0.3354591836734694,0.11128695585577487,0.09237408180981108,0.0012718303846854981,125,0.5
143,0.37755102040816324,0.11146283247948799,0.09259742150464774,0.0012743254170185473,138,0.25
144,0.36862244897959184,0.11134986143942889,0.09246456823244906,0.0012736984224868517,115,0.8
145,0.33035714285714285,0.11130966039118906,0.09245612193486466,0.001272982188394996,128,0.6
146,0.3354591836734694,0.11128695585577487,0.09237408180981108,0.0012718303846854981,125,0.6
147,0.37755102040816324,0.11146283247948799,0.09259742150464774,0.0012743254170185473,138,0.3999999999999999
148,0.40688775510204084,0.11136532407883806,0.09244668725899004,0.0012733465170159059,212,0.19999999999999996
149,0.36862244897959184,0.11134986143942889,0.09246456823244906,0.0012736984224868517,115,0.8333333333333334
150,0.33035714285714285,0.11130966039118906,0.09245612193486466,0.001272982188394996,128,0.6666666666666667
151,0.3354591836734694,0.11128695585577487,0.09237408180981108,0.0012718303846854981,125,0.6666666666666667
152,0.37755102040816324,0.11146283247948799,0.09259742150464774,0.0012743254170185473,138,0.5
153,0.40688775510204084,0.11136532407883806,0.09244668725899004,0.0012733465170159059,212,0.33333333333333337
154,0.3979591836734694,0.11134830458247538,0.09240994381766678,0.0012741046657665771,175,0.16666666666666674
155,0.36862244897959184,0.11134986143942889,0.09246456823244906,0.0012736984224868517,115,0.8571428571428572
156,0.33035714285714285,0.11130966039118906,0.09245612193486466,0.001272982188394996,128,0.7142857142857143
157,0.3354591836734694,0.11128695585577487,0.09237408180981108,0.0012718303846854981,125,0.7142857142857143
158,0.37755102040816324,0.11146283247948799,0.09259742150464774,0.0012743254170185473,138,0.5714285714285714
159,0.40688775510204084,0.11136532407883806,0.09244668725899004,0.0012733465170159059,212,0.4285714285714286
160,0.3979591836734694,0.11134830458247538,0.09240994381766678,0.0012741046657665771,175,0.2857142857142858
161,0.38010204081632654,0.11136616718712257,0.09246845028318729,0.0012734688760316958,193,0.1428571428571429
162,0.36862244897959184,0.11134986143942889,0.09246456823244906,0.0012736984224868517,115,0.875
163,0.33035714285714285,0.11130966039118906,0.09245612193486466,0.001272982188394996,128,0.75
164,0.3354591836734694,0.11128695585577487,0.09237408180981108,0.0012718303846854981,125,0.75
165,0.37755102040816324,0.11146283247948799,0.09259742150464774,0.0012743254170185473,138,0.625
166,0.40688775510204084,0.11136532407883806,0.09244668725899004,0.0012733465170159059,212,0.5
167,0.3979591836734694,0.11134830458247538,0.09240994381766678,0.0012741046657665771,175,0.375
168,0.38010204081632654,0.11136616718712257,0.09246845028318729,0.0012734688760316958,193,0.25
169,0.42091836734693877,0.11152687458492044,0.09263833545134603,0.0012755102040816326,206,0.125
170,0.36862244897959184,0.11134986143942889,0.09246456823244906,0.0012736984224868517,115,0.8888888888888888
171,0.33035714285714285,0.11130966039118906,0.09245612193486466,0.001272982188394996,128,0.7777777777777778
172,0.3354591836734694,0.11128695585577487,0.09237408180981108,0.0012718303846854981,125,0.7777777777777778
173,0.37755102040816324,0.11146283247948799,0.09259742150464774,0.0012743254170185473,138,0.6666666666666667
174,0.40688775510204084,0.11136532407883806,0.09244668725899004,0.0012733465170159059,212,0.5555555555555556
175,0.3979591836734694,0.11134830458247538,0.09240994381766678,0.0012741046657665771,175,0.4444444444444444
176,0.38010204081632654,0.11136616718712257,0.09246845028318729,0.0012734688760316958,193,0.33333333333333337
177,0.42091836734693877,0.11152687458492044,0.09263833545134603,0.0012755102040816326,206,0.22222222222222232
178,0.24489795918367346,0.11117586126595659,0.09231277442145078,0.0012712845809104776,61,0.11111111111111116
179,0.5063775510204082,0.15356512993008417,0.13278481603876108,0.0012739650062879786,152,0.0
180,0.5063775510204082,0.15356512993008417,0.13278481603876108,0.0012739650062879786,152,0.5
181,0.3788265306122449,0.15338752120503132,0.13268213698807102,0.0012731394013102983,121,0.0
182,0.5063775510204082,0.15356512993008417,0.13278481603876108,0.0012739650062879786,152,0.6666666666666667
183,0.3788265306122449,0.15338752120503132,0.13268213698807102,0.0012731394013102983,121,0.33333333333333337
184,0.34566326530612246,0.15328176056095238,0.13253960573638834,0.0012748115864836154,103,0.33333333333333337
185,0.5063775510204082,0.15356512993008417,0.13278481603876108,0.0012739650062879786,152,0.75
186,0.3788265306122449,0.15338752120503132,0.13268213698807102,0.0012731394013102983,121,0.5
187,0.34566326530612246,0.15328176056095238,0.13253960573638834,0.0012748115864836154,103,0.5
188,0.45790816326530615,0.15350409916602728,0.13278005022489198,0.0012740552498429428,214,0.25
189,0.5063775510204082,0.15356512993008417,0.13278481603876108,0.0012739650062879786,152,0.8
190,0.3788265306122449,0.15338752120503132,0.13268213698807102,0.0012731394013102983,121,0.6
191,0.34566326530612246,0.15328176056095238,0.13253960573638834,0.0012748115864836154,103,0.6
192,0.45790816326530615,0.15350409916602728,0.13278005022489198,0.0012740552498429428,214,0.3999999999999999
193,0.39668367346938777,0.1534290640332297,0.13272322987377577,0.0012750397492222497,167,0.19999999999999996
194,0.5063775510204082,0.15356512993008417,0.13278481603876108,0.0012739650062879786,152,0.8333333333333334
195,0.3788265306122449,0.15338752120503132,0.13268213698807102,0.0012731394013102983,121,0.6666666666666667
196,0.34566326530612246,0.15328176056095238,0.13253960573638834,0.0012748115864836154,103,0.6666666666666667
197,0.45790816326530615,0.15350409916602728,0.13278005022489198,0.0012740552498429428,214,0.5
198,0.39668367346938777,0.1534290640332297,0.13272322987377577,0.0012750397492222497,167,0.33333333333333337
199,0.4336734693877551,0.15337569162151926,0.13260559183035506,0.0012734716672416018,146,0.16666666666666674
200,0.5063775510204082,0.15356512993008417,0.13278481603876108,0.0012739650062879786,152,0.8571428571428572
201,0.3788265306122449,0.15338752120503132,0.13268213698807102,0.0012731394013102983,121,0.7142857142857143
202,0.34566326530612246,0.15328176056095238,0.13253960573638834,0.0012748115864836154,103,0.7142857142857143
203,0.45790816326530615,0.15350409916602728,0.13278005022489198,0.0012740552498429428,214,0.5714285714285714
204,0.39668367346938777,0.1534290640332297,0.13272322987377577,0.0012750397492222497,167,0.4285714285714286
205,0.4336734693877551,0.15337569162151926,0.13260559183035506,0.0012734716672416018,146,0.2857142857142858
206,0.41836734693877553,0.1533995548277447,0.1326685367768855,0.0012737791064013095,190,0.1428571428571429
207,0.5063775510204082,0.15356512993008417,0.13278481603876108,0.0012739650062879786,152,0.875
208,0.3788265306122449,0.15338752120503132,0.13268213698807102,0.0012731394013102983,121,0.75
209,0.34566326530612246,0.15328176056095238,0.13253960573638834,0.0012748115864836154,103,0.75
210,0.45790816326530615,0.15350409916602728,0.13278005022489198,0.0012740552498429428,214,0.625
211,0.39668367346938777,0.1534290640332297,0.13272322987377577,0.0012750397492222497,167,0.5
212,0.4336734693877551,0.15337569162151926,0.13260559183035506,0.0012734716672416018,146,0.375
213,0.41836734693877553,0.1533995548277447,0.1326685367768855,0.0012737791064013095,190,0.25
214,0.3482142857142857,0.1534564591612441,0.13283171007246303,0.0012753895707517898,73,0.125
215,0.5063775510204082,0.15356512993008417,0.13278481603876108,0.0012739650062879786,152,0.8888888888888888
216,0.3788265306122449,0.15338752120503132,0.13268213698807102,0.0012731394013102983,121,0.7777777777777778
217,0.34566326530612246,0.15328176056095238,0.13253960573638834,0.0012748115864836154,103,0.7777777777777778
218,0.45790816326530615,0.15350409916602728,0.13278005022489198,0.0012740552498429428,214,0.6666666666666667
219,0.39668367346938777,0.1534290640332297,0.13272322987377577,0.0012750397492222497,167,0.5555555555555556
220,0.4336734693877551,0.15337569162151926,0.13260559183035506,0.0012734716672416018,146,0.4444444444444444
221,0.41836734693877553,0.1533995548277447,0.1326685367768855,0.0012737791064013095,190,0.33333333333333337
222,0.3482142857142857,0.1534564591612441,0.13283171007246303,0.0012753895707517898,73,0.22222222222222232
223,0.3112244897959184,0.1532522747185038,0.13252678710154858,0.0012745797646050456,82,0.11111111111111116
224,0.3086734693877551,0.10505280164066699,0.08829206488264363,0.0012716868377270914,118,0.0
225,0.3086734693877551,0.10505280164066699,0.08829206488264363,0.0012716868377270914,118,0.5
226,0.3048469387755102,0.10506405666023873,0.08824024206834977,0.0012711344402329642,114,0.5
227,0.3086734693877551,0.10505280164066699,0.08829206488264363,0.0012716868377270914,118,0.6666666666666667
228,0.3048469387755102,0.10506405666023873,0.08824024206834977,0.0012711344402329642,114,0.6666666666666667
229,0.34566326530612246,0.10513696045617203,0.08837993101615045,0.0012737237380630448,167,0.33333333333333337
230,0.3086734693877551,0.10505280164066699,0.08829206488264363,0.0012716868377270914,118,0.75
231,0.3048469387755102,0.10506405666023873,0.08824024206834977,0.0012711344402329642,114,0.75
232,0.34566326530612246,0.10513696045617203,0.08837993101615045,0.0012737237380630448,167,0.5
233,0.3647959183673469,0.10517266032765998,0.08835278513926702,0.0012725695100079637,164,0.25
234,0.3086734693877551,0.10505280164066699,0.08829206488264363,0.0012716868377270914,118,0.8
235,0.3048469387755102,0.10506405666023873,0.08824024206834977,0.0012711344402329642,114,0.8
236,0.34566326530612246,0.10513696045617203,0.08837993101615045,0.0012737237380630448,167,0.6
237,0.3647959183673469,0.10517266032765998,0.08835278513926702,0.0012725695100079637,164,0.3999999999999999
238,0.4145408163265306,0.10526829206978394,0.08839461048611494,0.001272957059455996,188,0.19999999999999996
239,0.3086734693877551,0.10505280164066699,0.08829206488264363,0.0012716868377270914,118,0.8333333333333334
240,0.3048469387755102,0.10506405666023873,0.08824024206834977,0.0012711344402329642,114,0.8333333333333334
241,0.34566326530612246,0.10513696045617203,0.08837993101615045,0.0012737237380630448,167,0.6666666666666667
242,0.3647959183673469,0.10517266032765998,0.08835278513926702,0.0012725695100079637,164,0.5
243,0.4145408163265306,0.10526829206978394,0.08839461048611494,0.001272957059455996,188,0.33333333333333337
244,0.4094387755102041,0.10520310838084046,0.08838314343753055,0.001271676940887439,239,0.16666666666666674
245,0.3086734693877551,0.10505280164066699,0.08829206488264363,0.0012716868377270914,118,0.8571428571428572
246,0.3048469387755102,0.10506405666023873,0.08824024206834977,0.0012711344402329642,114,0.8571428571428572
247,0.34566326530612246,0.10513696045617203,0.08837993101615045,0.0012737237380630448,167,0.7142857142857143
248,0.3647959183673469,0.10517266032765998,0.08835278513926702,0.0012725695100079637,164,0.5714285714285714
249,0.4145408163265306,0.10526829206978394,0.08839461048611494,0.001272957059455996,188,0.4285714285714286
250,0.4094387755102041,0.10520310838084046,0.08838314343753055,0.001271676940887439,239,0.2857142857142858
251,0.33163265306122447,0.10519063359699626,0.08846565283141415,0.0012725133572568318,131,0.1428571428571429
252,0.3086734693877551,0.10505280164066699,0.08829206488264363,0.0012716868377270914,118,0.875
253,0.3048469387755102,0.10506405666023873,0.08824024206834977,0.0012711344402329642,114,0.875
254,0.34566326530612246,0.10513696045617203,0.08837993101615045,0.0012737237380630448,167,0.75
255,0.3647959183673469,0.10517266032765998,0.08835278513926702,0.0012725695100079637,164,0.625
256,0.4145408163265306,0.10526829206978394,0.08839461048611494,0.001272957059455996,188,0.5
257,0.4094387755102041,0.10520310838084046,0.08838314343753055,0.001271676940887439,239,0.375
258,0.33163265306122447,0.10519063359699626,0.08846565283141415,0.0012725133572568318,131,0.25
259,0.3788265306122449,0.10516093414928653,0.08835057183674877,0.0012736503470118115,173,0.125
260,0.3086734693877551,0.10505280164066699,0.08829206488264363,0.0012716868377270914,118,0.8888888888888888
261,0.3048469387755102,0.10506405666023873,0.08824024206834977,0.0012711344402329642,114,0.8888888888888888
262,0.34566326530612246,0.10513696045617203,0.08837993101615045,0.0012737237380630448,167,0.7777777777777778
263,0.3647959183673469,0.10517266032765998,0.08835278513926702,0.0012725695100079637,164,0.6666666666666667
264,0.4145408163265306,0.10526829206978394,0.08839461048611494,0.001272957059455996,188,0.5555555555555556
265,0.4094387755102041,0.10520310838084046,0.08838314343753055,0.001271676940887439,239,0.4444444444444444
266,0.33163265306122447,0.10519063359699626,0.08846565283141415,0.0012725133572568318,131,0.33333333333333337
267,0.3788265306122449,0.10516093414928653,0.08835057183674877,0.0012736503470118115,173,0.22222222222222232
268,0.3673469387755102,0.10515025619275996,0.08835718380192849,0.0012735011800676405,161,0.11111111111111116
269,0.4604591836734694,0.18481781822761573,0.16478866961916291,0.0012721476357142512,185,0.0
270,0.4604591836734694,0.18481781822761573,0.16478866961916291,0.0012721476357142512,185,0.5
271,0.45535714285714285,0.18486523155371573,0.16477362058688594,0.001272480402077709,136,0.0
272,0.4604591836734694,0.18481781822761573,0.16478866961916291,0.0012721476357142512,185,0.6666666666666667
273,0.45535714285714285,0.18486523155371573,0.16477362058688594,0.001272480402077709,136,0.33333333333333337
274,0.4362244897959184,0.18475397396404125,0.16470241697222154,0.001272183514776684,142,0.33333333333333337
275,0.4604591836734694,0.18481781822761573,0.16478866961916291,0.0012721476357142512,185,0.75
276,0.45535714285714285,0.18486523155371573,0.16477362058688594,0.001272480402077709,136,0.5
277,0.4362244897959184,0.18475397396404125,0.16470241697222154,0.001272183514776684,142,0.5
278,0.34566326530612246,0.18466428783825642,0.16467764531915893,0.0012722610607415305,107,0.25
279,0.4604591836734694,0.18481781822761573,0.16478866961916291,0.0012721476357142512,185,0.8
280,0.45535714285714285,0.18486523155371573,0.16477362058688594,0.001272480402077709,136,0.6
281,0.4362244897959184,0.18475397396404125,0.16470241697222154,0.001272183514776684,142,0.6
282,0.34566326530612246,0.18466428783825642,0.16467764531915893,0.0012722610607415305,107,0.3999999999999999
283,0.40816326530612246,0.1847245712189146,0.1647051565509443,0.001273016884577136,141,0.19999999999999996
284,0.4604591836734694,0.18481781822761573,0.16478866961916291,0.0012721476357142512,185,0.8333333333333334
285,0.45535714285714285,0.18486523155371573,0.16477362058688594,0.001272480402077709,136,0.6666666666666667
286,0.4362244897959184,0.18475397396404125,0.16470241697222154,0.001272183514776684,142,0.6666666666666667
287,0.34566326530612246,0.18466428783825642,0.16467764531915893,0.0012722610607415305,107,0.5
288,0.40816326530612246,0.1847245712189146,0.1647051565509443,0.001273016884577136,141,0.33333333333333337
289,0.4030612244897959,0.18470970857560506,0.16469265569297376,0.001272821593947676,169,0.16666666666666674
290,0.4604591836734694,0.18481781822761573,0.16478866961916291,0.0012721476357142512,185,0.8571428571428572
291,0.45535714285714285,0.18486523155371573,0.16477362058688594,0.001272480402077709,136,0.7142857142857143
292,0.4362244897959184,0.18475397396404125,0.16470241697222154,0.001272183514776684,142,0.7142857142857143
293,0.34566326530612246,0.18466428783825642,0.16467764531915893,0.0012722610607415305,107,0.5714285714285714
294,0.40816326530612246,0.1847245712189146,0.1647051565509443,0.001273016884577136,141,0.4285714285714286
295,0.4030612244897959,0.18470970857560506,0.16469265569297376,0.001272821593947676,169,0.2857142857142858
296,0.4630102040816326,0.18488124697115133,0.16493295721087656,0.0012737929276904376,173,0.1428571428571429
297,0.4604591836734694,0.18481781822761573,0.16478866961916291,0.0012721476357142512,185,0.875
298,0.45535714285714285,0.18486523155371573,0.16477362058688594,0.001272480402077709,136,0.75
299,0.4362244897959184,0.18475397396404125,0.16470241697222154,0.001272183514776684,142,0.75
300,0.34566326530612246,0.18466428783825642,0.16467764531915893,0.0012722610607415305,107,0.625
301,0.40816326530612246,0.1847245712189146,0.1647051565509443,0.001273016884577136,141,0.5
302,0.4030612244897959,0.18470970857560506,0.16469265569297376,0.001272821593947676,169,0.375
303,0.4630102040816326,0.18488124697115133,0.16493295721087656,0.0012737929276904376,173,0.25
304,0.45153061224489793,0.18475601953208723,0.16472989471734023,0.0012739431754011019,167,0.125
305,0.4604591836734694,0.18481781822761573,0.16478866961916291,0.0012721476357142512,185,0.8888888888888888
306,0.45535714285714285,0.18486523155371573,0.16477362058688594,0.001272480402077709,136,0.7777777777777778
307,0.4362244897959184,0.18475397396404125,0.16470241697222154,0.001272183514776684,142,0.7777777777777778
308,0.34566326530612246,0.18466428783825642,0.16467764531915893,0.0012722610607415305,107,0.6666666666666667
309,0.40816326530612246,0.1847245712189146,0.1647051565509443,0.001273016884577136,141,0.5555555555555556
310,0.4030612244897959,0.18470970857560506,0.16469265569297376,0.001272821593947676,169,0.4444444444444444
311,0.4630102040816326,0.18488124697115133,0.16493295721087656,0.0012737929276904376,173,0.33333333333333337
312,0.45153061224489793,0.18475601953208723,0.16472989471734023,0.0012739431754011019,167,0.22222222222222232
313,0.40561224489795916,0.18468969704314211,0.1646213108222248,0.0012716731353968132,133,0.11111111111111116
314,0.39413265306122447,0.09216752524808923,0.075030439248302,0.0012718126848608362,170,0.0
315,0.39413265306122447,0.09216752524808923,0.075030439248302,0.0012718126848608362,170,0.5
316,0.40688775510204084,0.0922175077337944,0.0750797178591667,0.00127081209961392,196,0.0
317,0.39413265306122447,0.09216752524808923,0.075030439248302,0.0012718126848608362,170,0.6666666666666667
318,0.40688775510204084,0.0922175077337944,0.0750797178591667,0.00127081209961392,196,0.33333333333333337
319,0.3864795918367347,0.09219019434888291,0.07501380696151749,0.0012714201877383339,121,0.33333333333333337
320,0.39413265306122447,0.09216752524808923,0.075030439248302,0.0012718126848608362,170,0.75
321,0.40688775510204084,0.0922175077337944,0.0750797178591667,0.00127081209961392,196,0.5
322,0.3864795918367347,0.09219019434888291,0.07501380696151749,0.0012714201877383339,121,0.5
323,0.31760204081632654,0.09210360708290383,0.07499386864456163,0.0012718444746010016,161,0.25
324,0.39413265306122447,0.09216752524808923,0.075030439248302,0.0012718126848608362,170,0.8
325,0.40688775510204084,0.0922175077337944,0.0750797178591667,0.00127081209961392,196,0.6
326,0.3864795918367347,0.09219019434888291,0.07501380696151749,0.0012714201877383339,121,0.6
327,0.31760204081632654,0.09210360708290383,0.07499386864456163,0.0012718444746010016,161,0.3999999999999999
328,0.39413265306122447,0.09221535226877625,0.07502856641972575,0.001271642880792282,188,0.19999999999999996
329,0.39413265306122447,0.09216752524808923,0.075030439248302,0.0012718126848608362,170,0.8333333333333334
330,0.40688775510204084,0.0922175077337944,0.0750797178591667,0.00127081209961392,196,0.6666666666666667
331,0.3864795918367347,0.09219019434888291,0.07501380696151749,0.0012714201877383339,121,0.6666666666666667
332,0.31760204081632654,0.09210360708290383,0.07499386864456163,0.0012718444746010016,161,0.5
333,0.39413265306122447,0.09221535226877625,0.07502856641972575,0.001271642880792282,188,0.33333333333333337
334,0.4260204081632653,0.09222433875226753,0.07505955237875922,0.0012714278583480817,212,0.16666666666666674
335,0.39413265306122447,0.09216752524808923,0.075030439248302,0.0012718126848608362,170,0.8571428571428572
336,0.40688775510204084,0.0922175077337944,0.0750797178591667,0.00127081209961392,196,0.7142857142857143
337,0.3864795918367347,0.09219019434888291,0.07501380696151749,0.0012714201877383339,121,0.7142857142857143
338,0.31760204081632654,0.09210360708290383,0.07499386864456163,0.0012718444746010016,161,0.5714285714285714
339,0.39413265306122447,0.09221535226877625,0.07502856641972575,0.001271642880792282,188,0.4285714285714286
340,0.4260204081632653,0.09222433875226753,0.07505955237875922,0.0012714278583480817,212,0.2857142857142858
341,0.32908163265306123,0.09222386242512864,0.07518124852045929,0.001273986600151583,127,0.1428571428571429
342,0.39413265306122447,0.09216752524808923,0.075030439248302,0.0012718126848608362,170,0.875
343,0.40688775510204084,0.0922175077337944,0.0750797178591667,0.00127081209961392,196,0.75
344,0.3864795918367347,0.09219019434888291,0.07501380696151749,0.0012714201877383339,121,0.75
345,0.31760204081632654,0.09210360708290383,0.07499386864456163,0.0012718444746010016,161,0.625
346,0.39413265306122447,0.09221535226877625,0.07502856641972575,0.001271642880792282,188,0.5
347,0.4260204081632653,0.09222433875226753,0.07505955237875922,0.0012714278583480817,212,0.375
348,0.32908163265306123,0.09222386242512864,0.07518124852045929,0.001273986600151583,127,0.25
349,0.3596938775510204,0.09216729075435091,0.0750638515122773,0.0012732667166466902,169,0.125
350,0.39413265306122447,0.09216752524808923,0.075030439248302,0.0012718126848608362,170,0.8888888888888888
351,0.40688775510204084,0.0922175077337944,0.0750797178591667,0.00127081209961392,196,0.7777777777777778
352,0.3864795918367347,0.09219019434888291,0.07501380696151749,0.0012714201877383339,121,0.7777777777777778
353,0.31760204081632654,0.09210360708290383,0.07499386864456163,0.0012718444746010016,161,0.6666666666666667
354,0.39413265306122447,0.09221535226877625,0.07502856641972575,0.001271642880792282,188,0.5555555555555556
355,0.4260204081632653,0.09222433875226753,0.07505955237875922,0.0012714278583480817,212,0.4444444444444444
356,0.32908163265306123,0.09222386242512864,0.07518124852045929,0.001273986600151583,127,0.33333333333333337
357,0.3596938775510204,0.09216729075435091,0.0750638515122773,0.0012732667166466902,169,0.22222222222222232
358,0.43239795918367346,0.09226433326985511,0.0751064831102799,0.0012711309752210516,244,0.11111111111111116
359,0.5178571428571429,0.17697980328583765,0.15115489014917158,0.0012754469332905735,200,0.0
360,0.5178571428571429,0.17697980328583765,0.15115489014917158,0.0012754469332905735,200,0.5
361,0.5497448979591837,0.17697716578865436,0.15113225180419312,0.0012755102040816326,209,0.0
362,0.5178571428571429,0.17697980328583765,0.15115489014917158,0.0012754469332905735,200,0.6666666666666667
363,0.5497448979591837,0.17697716578865436,0.15113225180419312,0.0012755102040816326,209,0.33333333333333337
364,0.42346938775510207,0.1768231675596017,0.15097217684126796,0.0012743282662171656,119,0.33333333333333337
365,0.5178571428571429,0.17697980328583765,0.15115489014917158,0.0012754469332905735,200,0.75
366,0.5497448979591837,0.17697716578865436,0.15113225180419312,0.0012755102040816326,209,0.5
367,0.42346938775510207,0.1768231675596017,0.15097217684126796,0.0012743282662171656,119,0.5
368,0.4846938775510204,0.17700173130642122,0.15119426765658253,0.0012740976005351367,212,0.25
369,0.5178571428571429,0.17697980328583765,0.15115489014917158,0.0012754469332905735,200,0.8
370,0.5497448979591837,0.17697716578865436,0.15113225180419312,0.0012755102040816326,209,0.6
371,0.42346938775510207,0.1768231675596017,0.15097217684126796,0.0012743282662171656,119,0.6
372,0.4846938775510204,0.17700173130642122,0.15119426765658253,0.0012740976005351367,212,0.3999999999999999
373,0.5242346938775511,0.17698957588389558,0.15106623659995266,0.0012742573388663232,141,0.19999999999999996
374,0.5178571428571429,0.17697980328583765,0.15115489014917158,0.0012754469332905735,200,0.8333333333333334
375,0.5497448979591837,0.17697716578865436,0.15113225180419312,0.0012755102040816326,209,0.6666666666666667
376,0.42346938775510207,0.1768231675596017,0.15097217684126796,0.0012743282662171656,119,0.6666666666666667
377,0.4846938775510204,0.17700173130642122,0.15119426765658253,0.0012740976005351367,212,0.5
378,0.5242346938775511,0.17698957588389558,0.15106623659995266,0.0012742573388663232,141,0.33333333333333337
379,0.4897959183673469,0.17690759690128313,0.151073871741458,0.0012745580166017786,212,0.16666666666666674
380,0.5178571428571429,0.17697980328583765,0.15115489014917158,0.0012754469332905735,200,0.8571428571428572
381,0.5497448979591837,0.17697716578865436,0.15113225180419312,0.0012755102040816326,209,0.7142857142857143
382,0.42346938775510207,0.1768231675596017,0.15097217684126796,0.0012743282662171656,119,0.7142857142857143
383,0.4846938775510204,0.17700173130642122,0.15119426765658253,0.0012740976005351367,212,0.5714285714285714
384,0.5242346938775511,0.17698957588389558,0.15106623659995266,0.0012742573388663232,141,0.4285714285714286
385,0.4897959183673469,0.17690759690128313,0.151073871741458,0.0012745580166017786,212,0.2857142857142858
386,0.6045918367346939,0.17739161844601484,0.1510781838735104,0.0012755102040816326,231,0.1428571428571429
387,0.5178571428571429,0.17697980328583765,0.15115489014917158,0.0012754469332905735,200,0.875
388,0.5497448979591837,0.17697716578865436,0.15113225180419312,0.0012755102040816326,209,0.75
389,0.42346938775510207,0.1768231675596017,0.15097217684126796,0.0012743282662171656,119,0.75
390,0.4846938775510204,0.17700173130642122,0.15119426765658253,0.0012740976005351367,212,0.625
391,0.5242346938775511,0.17698957588389558,0.15106623659995266,0.0012742573388663232,141,0.5
392,0.4897959183673469,0.17690759690128313,0.151073871741458,0.0012745580166017786,212,0.375
393,0.6045918367346939,0.17739161844601484,0.1510781838735104,0.0012755102040816326,231,0.25
394,0.44642857142857145,0.17685259351785035,0.15102576823530056,0.001275203236322455,136,0.125
395,0.5178571428571429,0.17697980328583765,0.15115489014917158,0.0012754469332905735,200,0.8888888888888888
396,0.5497448979591837,0.17697716578865436,0.15113225180419312,0.0012755102040816326,209,0.7777777777777778
397,0.42346938775510207,0.1768231675596017,0.15097217684126796,0.0012743282662171656,119,0.7777777777777778
398,0.4846938775510204,0.17700173130642122,0.15119426765658253,0.0012740976005351367,212,0.6666666666666667
399,0.5242346938775511,0.17698957588389558,0.15106623659995266,0.0012742573388663232,141,0.5555555555555556
400,0.4897959183673469,0.17690759690128313,0.151073871741458,0.0012745580166017786,212,0.4444444444444444
401,0.6045918367346939,0.17739161844601484,0.1510781838735104,0.0012755102040816326,231,0.33333333333333337
402,0.44642857142857145,0.17685259351785035,0.15102576823530056,0.001275203236322455,136,0.22222222222222232
403,0.4451530612244898,0.17686293180475718,0.1510329524471115,0.0012746056029740787,160,0.11111111111111116
404,0.30739795918367346,0.06921656222418364,0.058914720035902333,0.0012699993209121059,167,0.0
405,0.30739795918367346,0.06921656222418364,0.058914720035902333,0.0012699993209121059,167,0.5
406,0.2895408163265306,0.06916575271823239,0.058891228502719474,0.0012681063857911921,105,0.0
407,0.30739795918367346,0.06921656222418364,0.058914720035902333,0.0012699993209121059,167,0.6666666666666667
408,0.2895408163265306,0.06916575271823239,0.058891228502719474,0.0012681063857911921,105,0.33333333333333337
409,0.336734693877551,0.06917617746038872,0.05885914519540832,0.0012683565610227417,153,0.33333333333333337
410,0.30739795918367346,0.06921656222418364,0.058914720035902333,0.0012699993209121059,167,0.75
411,0.2895408163265306,0.06916575271823239,0.058891228502719474,0.0012681063857911921,105,0.5
412,0.336734693877551,0.06917617746038872,0.05885914519540832,0.0012683565610227417,153,0.5
413,0.26913265306122447,0.06914787428635152,0.05888723310261712,0.001269428054092168,137,0.25
414,0.30739795918367346,0.06921656222418364,0.058914720035902333,0.0012699993209121059,167,0.8
415,0.2895408163265306,0.06916575271823239,0.058891228502719474,0.0012681063857911921,105,0.6
416,0.336734693877551,0.06917617746038872,0.05885914519540832,0.0012683565610227417,153,0.6
417,0.26913265306122447,0.06914787428635152,0.05888723310261712,0.001269428054092168,137,0.3999999999999999
418,0.32142857142857145,0.06917691585823887,0.058881921527610515,0.0012687441982737347,192,0.19999999999999996
419,0.30739795918367346,0.06921656222418364,0.058914720035902333,0.0012699993209121059,167,0.8333333333333334
420,0.2895408163265306,0.06916575271823239,0.058891228502719474,0.0012681063857911921,105,0.6666666666666667
421,0.336734693877551,0.06917617746038872,0.05885914519540832,0.0012683565610227417,153,0.6666666666666667
422,0.26913265306122447,0.06914787428635152,0.05888723310261712,0.001269428054092168,137,0.5
423,0.32142857142857145,0.06917691585823887,0.058881921527610515,0.0012687441982737347,192,0.33333333333333337
424,0.3405612244897959,0.06925820587888634,0.05892188235411738,0.0012688935391840432,137,0.16666666666666674
425,0.30739795918367346,0.06921656222418364,0.058914720035902333,0.0012699993209121059,167,0.8571428571428572
426,0.2895408163265306,0.06916575271823239,0.058891228502719474,0.0012681063857911921,105,0.7142857142857143
427,0.336734693877551,0.06917617746038872,0.05885914519540832,0.0012683565610227417,153,0.7142857142857143
428,0.26913265306122447,0.06914787428635152,0.05888723310261712,0.001269428054092168,137,0.5714285714285714
429,0.32142857142857145,0.06917691585823887,0.058881921527610515,0.0012687441982737347,192,0.4285714285714286
430,0.3405612244897959,0.06925820587888634,0.05892188235411738,0.0012688935391840432,137,0.2857142857142858
431,0.35714285714285715,0.06923478190144172,0.05889434117967661,0.0012681670771653101,208,0.1428571428571429
432,0.30739795918367346,0.06921656222418364,0.058914720035902333,0.0012699993209121059,167,0.875
433,0.2895408163265306,0.06916575271823239,0.058891228502719474,0.0012681063857911921,105,0.75
434,0.336734693877551,0.06917617746038872,0.05885914519540832,0.0012683565610227417,153,0.75
435,0.26913265306122447,0.06914787428635152,0.05888723310261712,0.001269428054092168,137,0.625
436,0.32142857142857145,0.06917691585823887,0.058881921527610515,0.0012687441982737347,192,0.5
437,0.3405612244897959,0.06925820587888634,0.05892188235411738,0.0012688935391840432,137,0.375
438,0.35714285714285715,0.06923478190144172,0.05889434117967661,0.0012681670771653101,208,0.25
439,0.3864795918367347,0.06924941183651845,0.058936509912720474,0.0012687262237107769,168,0.125
440,0.30739795918367346,0.06921656222418364,0.058914720035902333,0.0012699993209121059,167,0.8888888888888888
441,0.2895408163265306,0.06916575271823239,0.058891228502719474,0.0012681063857911921,105,0.7777777777777778
442,0.336734693877551,0.06917617746038872,0.05885914519540832,0.0012683565610227417,153,0.7777777777777778
443,0.26913265306122447,0.06914787428635152,0.05888723310261712,0.001269428054092168,137,0.6666666666666667
444,0.32142857142857145,0.06917691585823887,0.058881921527610515,0.0012687441982737347,192,0.5555555555555556
445,0.3405612244897959,0.06925820587888634,0.05892188235411738,0.0012688935391840432,137,0.4444444444444444
446,0.35714285714285715,0.06923478190144172,0.05889434117967661,0.0012681670771653101,208,0.33333333333333337
447,0.3864795918367347,0.06924941183651845,0.058936509912720474,0.0012687262237107769,168,0.22222222222222232
448,0.30357142857142855,0.06920592920819423,0.058909421383565246,0.0012688298924725834,131,0.11111111111111116
